select * from drw_prisma.dbo.formulario
select * from drw_prisma.dbo.formulario

SET IDENTITY_INSERT formulario ON; 
insert into formulario (id, nome, tipo, duracao) values(4,'Projeto de Vidaaluno','aluno', '20 minutos')
insert into formulario (id, nome, tipo, duracao) values(5,'Projeto de Vidaprofessor','professor','20 minutos')
insert into formulario (id, nome, tipo, duracao) values(6,'Educação Financeiraaluno','aluno','10 minutos')
insert into formulario (id, nome, tipo, duracao) values(7,'Educação Financeiraprofessor','professor','10 minutos')
SET IDENTITY_INSERT formulario off; 

SET IDENTITY_INSERT TipoPergunta ON; 
insert into TipoPergunta (id,descricao) values (1,'radio')
insert into TipoPergunta (id,descricao) values (2,'checkbox')
insert into TipoPergunta (id,descricao) values (3,'text')
insert into TipoPergunta (id,descricao) values (4,'titulo')
insert into TipoPergunta (id,descricao) values (5,'range')
SET IDENTITY_INSERT TipoPergunta off; 

------------------
--delete from pergunta
SET IDENTITY_INSERT pergunta on; 
insert into pergunta (id, descricao, tipoPerguntaId, timer, formularioId, numero, ordem, valorMinimo, valorMaximo, step, mascaraResposta) values (180,'Qual sua cor ou raça',1,NULL,4,1,1,NULL,NULL,NULL,NULL)
insert into pergunta (id, descricao, tipoPerguntaId, timer, formularioId, numero, ordem, valorMinimo, valorMaximo, step, mascaraResposta) values (181,'Qual é o seu gênero:',1,NULL,4,2,2,NULL,NULL,NULL,NULL)
insert into pergunta (id, descricao, tipoPerguntaId, timer, formularioId, numero, ordem, valorMinimo, valorMaximo, step, mascaraResposta) values (182,'Qual a sua idade (faixa etária)?',1,NULL,4,3,3,NULL,NULL,NULL,NULL)
insert into pergunta (id, descricao, tipoPerguntaId, timer, formularioId, numero, ordem, valorMinimo, valorMaximo, step, mascaraResposta) values (183,'Você estuda em uma:',1,NULL,4,4,4,NULL,NULL,NULL,NULL)
insert into pergunta (id, descricao, tipoPerguntaId, timer, formularioId, numero, ordem, valorMinimo, valorMaximo, step, mascaraResposta) values (184,'Qual a série que você está cursando?',1,NULL,4,5,5,NULL,NULL,NULL,NULL)
insert into pergunta (id, descricao, tipoPerguntaId, timer, formularioId, numero, ordem, valorMinimo, valorMaximo, step, mascaraResposta) values (185,'Em que período você estuda?',1,NULL,4,6,6,NULL,NULL,NULL,NULL)
insert into pergunta (id, descricao, tipoPerguntaId, timer, formularioId, numero, ordem, valorMinimo, valorMaximo, step, mascaraResposta) values (186,'Indique quais das seguintes atividades você participou na sua escola no último ano, guiada por professores (pode assinalar mais do que 1 opção):',2,NULL,4,7,7,NULL,NULL,NULL,NULL)
insert into pergunta (id, descricao, tipoPerguntaId, timer, formularioId, numero, ordem, valorMinimo, valorMaximo, step, mascaraResposta) values (187,'Com qual frequência elas ocorreram no último ano?',1,NULL,4,8,8,NULL,NULL,NULL,NULL)
insert into pergunta (id, descricao, tipoPerguntaId, timer, formularioId, numero, ordem, valorMinimo, valorMaximo, step, mascaraResposta) values (188,'Sobre essas intervenções, assinale qual a sua percepção quanto aos itens abaixo:',4,NULL,4,'',9,NULL,NULL,NULL,NULL)
insert into pergunta (id, descricao, tipoPerguntaId, timer, formularioId, numero, ordem, valorMinimo, valorMaximo, step, mascaraResposta) values (189,'O propósito das atividades foi explicado com clareza',1,NULL,4,9,9,NULL,NULL,NULL,NULL)
insert into pergunta (id, descricao, tipoPerguntaId, timer, formularioId, numero, ordem, valorMinimo, valorMaximo, step, mascaraResposta) values (190,'O tema foi discutido de forma interativa entre professores e alunos',1,NULL,4,10,10,NULL,NULL,NULL,NULL)
insert into pergunta (id, descricao, tipoPerguntaId, timer, formularioId, numero, ordem, valorMinimo, valorMaximo, step, mascaraResposta) values (191,'O professor usava recursos didáticos variados (ex.: vídeos, projetos temáticos, jogos, dinâmicas em grupo, etc.)',1,NULL,4,11,11,NULL,NULL,NULL,NULL)
insert into pergunta (id, descricao, tipoPerguntaId, timer, formularioId, numero, ordem, valorMinimo, valorMaximo, step, mascaraResposta) values (192,'Essas atividades tiveram um impacto positivo sobre a minha maneira de lidar com as emoções',1,NULL,4,12,12,NULL,NULL,NULL,NULL)
insert into pergunta (id, descricao, tipoPerguntaId, timer, formularioId, numero, ordem, valorMinimo, valorMaximo, step, mascaraResposta) values (193,'Aprendi algo novo e útil nas aulas de Projeto de Vida',1,NULL,4,13,13,NULL,NULL,NULL,NULL)
insert into pergunta (id, descricao, tipoPerguntaId, timer, formularioId, numero, ordem, valorMinimo, valorMaximo, step, mascaraResposta) values (194,'Nos últimos 6 meses essa é a quarta vez que você é hospitalizado devido a problemas gastrointestinais. Além das hospitalizações, que duram em média dois ou três dias, você vem sofrendo com dores de cabeça constantes, enjoos, alterações no apetite e dificuldades para dormir. Tudo isso tem prejudicado sua vida social e o seu desempenho na escola devido às ausências cada vez mais frequentes. No entanto, a profissional de saúde que lhe atendeu pela última vez identificou que as causas desses desconfortos estão relacionadas aos seus hábitos de vida e recomendou que fizesse escolhas alimentares mais saudáveis, atividades físicas regulares, hidratação adequada e noites de sono com a duração de pelos menos 8 horas.',1,NULL,4,14,14,NULL,NULL,NULL,NULL)
insert into pergunta (id, descricao, tipoPerguntaId, timer, formularioId, numero, ordem, valorMinimo, valorMaximo, step, mascaraResposta) values (195,'Você testemunha um garoto novo na turma sofrendo agressões verbais e intimidações de um grupo de estudantes durante o intervalo. Os colegas riem da aparência de Antônio, além de tirar sarro de suas atitudes e colocações quando ele se expressa ou responde às perguntas durante as aulas.',1,NULL,4,15,15,NULL,NULL,NULL,NULL)
insert into pergunta (id, descricao, tipoPerguntaId, timer, formularioId, numero, ordem, valorMinimo, valorMaximo, step, mascaraResposta) values (196,'Sua vida parece estar fora de controle desde que um grande amigo se mudou de cidade. Nos últimos dois meses você tem estado tão preocupado, chateado e estressado que não tem conseguido dormir, o que te faz despertar já com a sensação de cansaço. Seus afazeres estão aumentando em volume mais rapidamente do que é possível resolvê-los. As cobranças dos professores e familiares com relação à escola lhe parecem injustas. Você, então:',1,NULL,4,16,16,NULL,NULL,NULL,NULL)
insert into pergunta (id, descricao, tipoPerguntaId, timer, formularioId, numero, ordem, valorMinimo, valorMaximo, step, mascaraResposta) values (197,'Instruções: Estas questões são sobre como você se sente e os acontecimentos da sua vida durante o último mês. Para cada questão, por favor, assinale a resposta que mais se aproxime da maneira como você se sente, conforme a escala numérica a seguir:',4,NULL,4,'',17,NULL,NULL,NULL,NULL)
insert into pergunta (id, descricao, tipoPerguntaId, timer, formularioId, numero, ordem, valorMinimo, valorMaximo, step, mascaraResposta) values (198,'Em relação às últimas quatro semanas:',4,NULL,4,'',17,NULL,NULL,NULL,NULL)
insert into pergunta (id, descricao, tipoPerguntaId, timer, formularioId, numero, ordem, valorMinimo, valorMaximo, step, mascaraResposta) values (199,'Quanto tempo você tem se sentido uma pessoa muito nervosa?',1,NULL,4,17,17,NULL,NULL,NULL,NULL)
insert into pergunta (id, descricao, tipoPerguntaId, timer, formularioId, numero, ordem, valorMinimo, valorMaximo, step, mascaraResposta) values (200,'Quanto tempo você tem se sentido tão deprimido(a) que nada possa animá-lo(a)?',1,NULL,4,18,18,NULL,NULL,NULL,NULL)
insert into pergunta (id, descricao, tipoPerguntaId, timer, formularioId, numero, ordem, valorMinimo, valorMaximo, step, mascaraResposta) values (201,'Quanto tempo você tem se sentido calmo(a) ou tranquilo(a)?',1,NULL,4,19,19,NULL,NULL,NULL,NULL)
insert into pergunta (id, descricao, tipoPerguntaId, timer, formularioId, numero, ordem, valorMinimo, valorMaximo, step, mascaraResposta) values (202,'Quanto tempo você tem se sentido desanimado(a) e abatido(a)?',1,NULL,4,20,20,NULL,NULL,NULL,NULL)
insert into pergunta (id, descricao, tipoPerguntaId, timer, formularioId, numero, ordem, valorMinimo, valorMaximo, step, mascaraResposta) values (203,'Quanto tempo você tem se sentido uma pessoa feliz?',1,NULL,4,21,21,NULL,NULL,NULL,NULL)
insert into pergunta (id, descricao, tipoPerguntaId, timer, formularioId, numero, ordem, valorMinimo, valorMaximo, step, mascaraResposta) values (204,'Instruções: Agora gostaríamos de saber como você se sente em relação às perguntas abaixo, em relação ao último mês:',4,NULL,4,'',22,NULL,NULL,NULL,NULL)
insert into pergunta (id, descricao, tipoPerguntaId, timer, formularioId, numero, ordem, valorMinimo, valorMaximo, step, mascaraResposta) values (205,'Você acha que sua vida é interessante?',1,NULL,4,22,22,NULL,NULL,NULL,NULL)
insert into pergunta (id, descricao, tipoPerguntaId, timer, formularioId, numero, ordem, valorMinimo, valorMaximo, step, mascaraResposta) values (206,'Como você se sente quanto ao que conseguiu realizar e vai continuar realizando?',1,NULL,4,23,23,NULL,NULL,NULL,NULL)
insert into pergunta (id, descricao, tipoPerguntaId, timer, formularioId, numero, ordem, valorMinimo, valorMaximo, step, mascaraResposta) values (207,'Você normalmente realiza aquilo que quer?',1,NULL,4,24,24,NULL,NULL,NULL,NULL)
insert into pergunta (id, descricao, tipoPerguntaId, timer, formularioId, numero, ordem, valorMinimo, valorMaximo, step, mascaraResposta) values (208,'Comparando com o passado, você acha que a sua vida é',1,NULL,4,25,25,NULL,NULL,NULL,NULL)
insert into pergunta (id, descricao, tipoPerguntaId, timer, formularioId, numero, ordem, valorMinimo, valorMaximo, step, mascaraResposta) values (209,'Você experimenta às vezes momentos de alegria intensa?',1,NULL,4,26,26,NULL,NULL,NULL,NULL)
insert into pergunta (id, descricao, tipoPerguntaId, timer, formularioId, numero, ordem, valorMinimo, valorMaximo, step, mascaraResposta) values (210,'Você experimenta às vezes sensação de fazer parte da humanidade como se fosse uma grande família?',1,NULL,4,27,27,NULL,NULL,NULL,NULL)
insert into pergunta (id, descricao, tipoPerguntaId, timer, formularioId, numero, ordem, valorMinimo, valorMaximo, step, mascaraResposta) values (211,'Instrução: Por favor, nos conte com que dificuldade ou facilidade realiza as ações abaixo',4,NULL,4,'',28,NULL,NULL,NULL,NULL)
insert into pergunta (id, descricao, tipoPerguntaId, timer, formularioId, numero, ordem, valorMinimo, valorMaximo, step, mascaraResposta) values (212,'Saber quais são os meus pontos fortes',1,NULL,4,28,28,NULL,NULL,NULL,NULL)
insert into pergunta (id, descricao, tipoPerguntaId, timer, formularioId, numero, ordem, valorMinimo, valorMaximo, step, mascaraResposta) values (213,'Perceber quando meus sentimentos estão atrapalhando a minha concentração',1,NULL,4,29,29,NULL,NULL,NULL,NULL)
insert into pergunta (id, descricao, tipoPerguntaId, timer, formularioId, numero, ordem, valorMinimo, valorMaximo, step, mascaraResposta) values (214,'Conhecer as emoções que sinto',1,NULL,4,30,30,NULL,NULL,NULL,NULL)
insert into pergunta (id, descricao, tipoPerguntaId, timer, formularioId, numero, ordem, valorMinimo, valorMaximo, step, mascaraResposta) values (215,'Conhecer formas de me acalmar',1,NULL,4,31,31,NULL,NULL,NULL,NULL)
insert into pergunta (id, descricao, tipoPerguntaId, timer, formularioId, numero, ordem, valorMinimo, valorMaximo, step, mascaraResposta) values (216,'Aprender com pessoas com opiniões diferentes das minhas',1,NULL,4,32,32,NULL,NULL,NULL,NULL)
insert into pergunta (id, descricao, tipoPerguntaId, timer, formularioId, numero, ordem, valorMinimo, valorMaximo, step, mascaraResposta) values (217,'Perceber o que as pessoas podem estar sentindo pela expressão em seu rosto',1,NULL,4,33,33,NULL,NULL,NULL,NULL)
insert into pergunta (id, descricao, tipoPerguntaId, timer, formularioId, numero, ordem, valorMinimo, valorMaximo, step, mascaraResposta) values (218,'Perceber quando uma pessoa precisa de ajuda',1,NULL,4,34,34,NULL,NULL,NULL,NULL)
insert into pergunta (id, descricao, tipoPerguntaId, timer, formularioId, numero, ordem, valorMinimo, valorMaximo, step, mascaraResposta) values (219,'Finalizar uma atividade mesmo me sentindo frustrado (a)',1,NULL,4,35,35,NULL,NULL,NULL,NULL)
insert into pergunta (id, descricao, tipoPerguntaId, timer, formularioId, numero, ordem, valorMinimo, valorMaximo, step, mascaraResposta) values (220,'Ser paciente mesmo quando estou realmente animado (a)',1,NULL,4,36,36,NULL,NULL,NULL,NULL)
insert into pergunta (id, descricao, tipoPerguntaId, timer, formularioId, numero, ordem, valorMinimo, valorMaximo, step, mascaraResposta) values (221,'Terminar tarefas, mesmo que sejam difíceis para mim',1,NULL,4,37,37,NULL,NULL,NULL,NULL)
insert into pergunta (id, descricao, tipoPerguntaId, timer, formularioId, numero, ordem, valorMinimo, valorMaximo, step, mascaraResposta) values (222,'Estabelecer objetivos para mim mesmo(a)',1,NULL,4,38,38,NULL,NULL,NULL,NULL)
insert into pergunta (id, descricao, tipoPerguntaId, timer, formularioId, numero, ordem, valorMinimo, valorMaximo, step, mascaraResposta) values (223,'Fazer minhas tarefas escolares mesmo quando não tenho vontade',1,NULL,4,39,39,NULL,NULL,NULL,NULL)
insert into pergunta (id, descricao, tipoPerguntaId, timer, formularioId, numero, ordem, valorMinimo, valorMaximo, step, mascaraResposta) values (224,'Estudar para as provas e avaliações',1,NULL,4,40,40,NULL,NULL,NULL,NULL)
insert into pergunta (id, descricao, tipoPerguntaId, timer, formularioId, numero, ordem, valorMinimo, valorMaximo, step, mascaraResposta) values (225,'Respeitar a opinião de um colega durante um desentendimento.',1,NULL,4,41,41,NULL,NULL,NULL,NULL)
insert into pergunta (id, descricao, tipoPerguntaId, timer, formularioId, numero, ordem, valorMinimo, valorMaximo, step, mascaraResposta) values (226,'Me dar bem com meus colegas de classe',1,NULL,4,42,42,NULL,NULL,NULL,NULL)
insert into pergunta (id, descricao, tipoPerguntaId, timer, formularioId, numero, ordem, valorMinimo, valorMaximo, step, mascaraResposta) values (227,'Pensar sobre as consequências das minhas ações antes de tomar uma decisão',1,NULL,4,43,43,NULL,NULL,NULL,NULL)
insert into pergunta (id, descricao, tipoPerguntaId, timer, formularioId, numero, ordem, valorMinimo, valorMaximo, step, mascaraResposta) values (228,'Saber o que é certo ou errado',1,NULL,4,44,44,NULL,NULL,NULL,NULL)
insert into pergunta (id, descricao, tipoPerguntaId, timer, formularioId, numero, ordem, valorMinimo, valorMaximo, step, mascaraResposta) values (229,'Instrução: Por favor responda as perguntas a seguir:',4,NULL,4,'',45,NULL,NULL,NULL,NULL)
insert into pergunta (id, descricao, tipoPerguntaId, timer, formularioId, numero, ordem, valorMinimo, valorMaximo, step, mascaraResposta) values (230,'Quão claro é para você o que traz sentido e propósito na sua vida?',1,NULL,4,45,45,NULL,NULL,NULL,NULL)
insert into pergunta (id, descricao, tipoPerguntaId, timer, formularioId, numero, ordem, valorMinimo, valorMaximo, step, mascaraResposta) values (231,'Quão bem você entende o que dá sentido à sua vida?',1,NULL,4,46,46,NULL,NULL,NULL,NULL)
insert into pergunta (id, descricao, tipoPerguntaId, timer, formularioId, numero, ordem, valorMinimo, valorMaximo, step, mascaraResposta) values (232,'Quão confiante você está de que descobriu um propósito satisfatório para sua vida?',1,NULL,4,47,47,NULL,NULL,NULL,NULL)
insert into pergunta (id, descricao, tipoPerguntaId, timer, formularioId, numero, ordem, valorMinimo, valorMaximo, step, mascaraResposta) values (233,'Com que clareza você entende o que faz sua vida valer a pena?',1,NULL,4,48,48,NULL,NULL,NULL,NULL)
insert into pergunta (id, descricao, tipoPerguntaId, timer, formularioId, numero, ordem, valorMinimo, valorMaximo, step, mascaraResposta) values (234,'O quanto você está trabalhando para tornar seus objetivos de longo prazo uma realidade?',1,NULL,4,49,49,NULL,NULL,NULL,NULL)
insert into pergunta (id, descricao, tipoPerguntaId, timer, formularioId, numero, ordem, valorMinimo, valorMaximo, step, mascaraResposta) values (235,'Quanto esforço você está colocando para tornar seus objetivos uma realidade?',1,NULL,4,50,50,NULL,NULL,NULL,NULL)
insert into pergunta (id, descricao, tipoPerguntaId, timer, formularioId, numero, ordem, valorMinimo, valorMaximo, step, mascaraResposta) values (236,'Quão engajado você está na execução dos planos que definiu para si mesmo?',1,NULL,4,51,51,NULL,NULL,NULL,NULL)
insert into pergunta (id, descricao, tipoPerguntaId, timer, formularioId, numero, ordem, valorMinimo, valorMaximo, step, mascaraResposta) values (237,'Que parte de suas atividades diárias o aproxima de seus objetivos de longo prazo?',1,NULL,4,52,52,NULL,NULL,NULL,NULL)
insert into pergunta (id, descricao, tipoPerguntaId, timer, formularioId, numero, ordem, valorMinimo, valorMaximo, step, mascaraResposta) values (238,'Com que frequência você espera deixar o mundo melhor do que o encontrou?',1,NULL,4,53,53,NULL,NULL,NULL,NULL)
insert into pergunta (id, descricao, tipoPerguntaId, timer, formularioId, numero, ordem, valorMinimo, valorMaximo, step, mascaraResposta) values (239,'Quão importante é para você tornar o mundo um lugar melhor de alguma forma?',1,NULL,4,54,54,NULL,NULL,NULL,NULL)
insert into pergunta (id, descricao, tipoPerguntaId, timer, formularioId, numero, ordem, valorMinimo, valorMaximo, step, mascaraResposta) values (240,'Com que frequência você espera que o trabalho que você faz influencie positivamente os outros?',1,NULL,4,55,55,NULL,NULL,NULL,NULL)
insert into pergunta (id, descricao, tipoPerguntaId, timer, formularioId, numero, ordem, valorMinimo, valorMaximo, step, mascaraResposta) values (241,'Instruções: Há um novo estudante em sua classe que acabou de chegar de outra escola. Você soube que o estudante tem um diagnóstico psiquiátrico. Por favor, indique o quanto concorda ou discorda com cada frase, de acordo com a escala abaixo:',4,NULL,4,'',56,NULL,NULL,NULL,NULL)
insert into pergunta (id, descricao, tipoPerguntaId, timer, formularioId, numero, ordem, valorMinimo, valorMaximo, step, mascaraResposta) values (242,'O novo estudante não é perigoso',1,NULL,4,56,56,NULL,NULL,NULL,NULL)
insert into pergunta (id, descricao, tipoPerguntaId, timer, formularioId, numero, ordem, valorMinimo, valorMaximo, step, mascaraResposta) values (243,'Eu sinto pena do novo estudante',1,NULL,4,57,57,NULL,NULL,NULL,NULL)
insert into pergunta (id, descricao, tipoPerguntaId, timer, formularioId, numero, ordem, valorMinimo, valorMaximo, step, mascaraResposta) values (244,'O novo estudante deveria estar internado em um hospital psiquiátrico',1,NULL,4,58,58,NULL,NULL,NULL,NULL)
insert into pergunta (id, descricao, tipoPerguntaId, timer, formularioId, numero, ordem, valorMinimo, valorMaximo, step, mascaraResposta) values (245,'Eu pretendo ficar longe do novo estudante.',1,NULL,4,59,59,NULL,NULL,NULL,NULL)
insert into pergunta (id, descricao, tipoPerguntaId, timer, formularioId, numero, ordem, valorMinimo, valorMaximo, step, mascaraResposta) values (246,'O novo estudante não tem culpa de ter um problema psiquiátrico',1,NULL,4,60,60,NULL,NULL,NULL,NULL)
insert into pergunta (id, descricao, tipoPerguntaId, timer, formularioId, numero, ordem, valorMinimo, valorMaximo, step, mascaraResposta) values (247,'O novo estudante me faz sentir raiva',1,NULL,4,61,61,NULL,NULL,NULL,NULL)
insert into pergunta (id, descricao, tipoPerguntaId, timer, formularioId, numero, ordem, valorMinimo, valorMaximo, step, mascaraResposta) values (248,'Eu ajudaria o novo estudante',1,NULL,4,62,62,NULL,NULL,NULL,NULL)
insert into pergunta (id, descricao, tipoPerguntaId, timer, formularioId, numero, ordem, valorMinimo, valorMaximo, step, mascaraResposta) values (249,'Tenho medo do novo estudante',1,NULL,4,63,63,NULL,NULL,NULL,NULL)
insert into pergunta (id, descricao, tipoPerguntaId, timer, formularioId, numero, ordem, valorMinimo, valorMaximo, step, mascaraResposta) values (250,'Se eu achasse que tenho uma doença mental, falaria com meus pais sobre me levar a um médico ou terapeuta',1,NULL,4,64,64,NULL,NULL,NULL,NULL)
insert into pergunta (id, descricao, tipoPerguntaId, timer, formularioId, numero, ordem, valorMinimo, valorMaximo, step, mascaraResposta) values (262,'Instrução: Por favor indique quanto discorda ou concorda com as frases a seguir',4,NULL,4,'',65,NULL,NULL,NULL,NULL)
insert into pergunta (id, descricao, tipoPerguntaId, timer, formularioId, numero, ordem, valorMinimo, valorMaximo, step, mascaraResposta) values (263,'Acho que se eu não agir como todo mundo, vou ser discriminado na escola.',1,NULL,4,65,65,NULL,NULL,NULL,NULL)
insert into pergunta (id, descricao, tipoPerguntaId, timer, formularioId, numero, ordem, valorMinimo, valorMaximo, step, mascaraResposta) values (264,'Sinto-me pressionado a seguir comportamentos das mídias sociais.',1,NULL,4,66,66,NULL,NULL,NULL,NULL)
insert into pergunta (id, descricao, tipoPerguntaId, timer, formularioId, numero, ordem, valorMinimo, valorMaximo, step, mascaraResposta) values (265,'Sinto-me incluído(a) e aceito(a) pelo meu grupo de amigos(as) da escola.',1,NULL,4,67,67,NULL,NULL,NULL,NULL)
insert into pergunta (id, descricao, tipoPerguntaId, timer, formularioId, numero, ordem, valorMinimo, valorMaximo, step, mascaraResposta) values (266,'Sinto que meus amigos da escola entenderiam se eu precisar de apoio por dificuldades emocionais.',1,NULL,4,68,68,NULL,NULL,NULL,NULL)
insert into pergunta (id, descricao, tipoPerguntaId, timer, formularioId, numero, ordem, valorMinimo, valorMaximo, step, mascaraResposta) values (267,'Sinto-me à vontade para conversar sobre minhas emoções com pessoas da minha família.',1,NULL,4,69,69,NULL,NULL,NULL,NULL)
insert into pergunta (id, descricao, tipoPerguntaId, timer, formularioId, numero, ordem, valorMinimo, valorMaximo, step, mascaraResposta) values (268,'Acredito que posso contar com o apoio da minha família quando estou passando por momentos difíceis emocionalmente.',1,NULL,4,70,70,NULL,NULL,NULL,NULL)
insert into pergunta (id, descricao, tipoPerguntaId, timer, formularioId, numero, ordem, valorMinimo, valorMaximo, step, mascaraResposta) values (269,'Sinto-me pressionado(a) a atender padrões de beleza ou estética que impactam negativamente a minha saúde mental.',1,NULL,4,71,71,NULL,NULL,NULL,NULL)
insert into pergunta (id, descricao, tipoPerguntaId, timer, formularioId, numero, ordem, valorMinimo, valorMaximo, step, mascaraResposta) values (270,'Eu sei que posso falar com professores sobre meus problemas emocionais.',1,NULL,4,72,72,NULL,NULL,NULL,NULL)
insert into pergunta (id, descricao, tipoPerguntaId, timer, formularioId, numero, ordem, valorMinimo, valorMaximo, step, mascaraResposta) values (271,'Eu me sinto bem quando estou na escola.',1,NULL,4,73,73,NULL,NULL,NULL,NULL)
insert into pergunta (id, descricao, tipoPerguntaId, timer, formularioId, numero, ordem, valorMinimo, valorMaximo, step, mascaraResposta) values (272,'O exemplo de outras pessoas me inspira a enfrentar situações difíceis em minha vida.',1,NULL,4,74,74,NULL,NULL,NULL,NULL)
insert into pergunta (id, descricao, tipoPerguntaId, timer, formularioId, numero, ordem, valorMinimo, valorMaximo, step, mascaraResposta) values (273,'Instrução: Por favor indique quanto discorda ou concorda com as frases a seguir',4,NULL,4,'',75,NULL,NULL,NULL,NULL)
insert into pergunta (id, descricao, tipoPerguntaId, timer, formularioId, numero, ordem, valorMinimo, valorMaximo, step, mascaraResposta) values (274,'Conheço os recursos e serviços disponíveis para apoiar minha saúde mental.',1,NULL,4,75,75,NULL,NULL,NULL,NULL)
insert into pergunta (id, descricao, tipoPerguntaId, timer, formularioId, numero, ordem, valorMinimo, valorMaximo, step, mascaraResposta) values (275,'Sei como buscar apoio psicológico profissional, se precisar.',1,NULL,4,76,76,NULL,NULL,NULL,NULL)
insert into pergunta (id, descricao, tipoPerguntaId, timer, formularioId, numero, ordem, valorMinimo, valorMaximo, step, mascaraResposta) values (276,'Sinto-me confortável em utilizar as vias de ajuda disponíveis para questões emocionais.',1,NULL,4,77,77,NULL,NULL,NULL,NULL)
insert into pergunta (id, descricao, tipoPerguntaId, timer, formularioId, numero, ordem, valorMinimo, valorMaximo, step, mascaraResposta) values (277,'Instrução: Por favor indique quanto discorda ou concorda com as frases a seguir',4,NULL,4,'',78,NULL,NULL,NULL,NULL)
insert into pergunta (id, descricao, tipoPerguntaId, timer, formularioId, numero, ordem, valorMinimo, valorMaximo, step, mascaraResposta) values (278,'Minha situação financeira afeta negativamente minha saúde mental.',1,NULL,4,78,78,NULL,NULL,NULL,NULL)
insert into pergunta (id, descricao, tipoPerguntaId, timer, formularioId, numero, ordem, valorMinimo, valorMaximo, step, mascaraResposta) values (279,'Em geral, estou satisfeito(a) com a minha imagem corporal.',1,NULL,4,79,79,NULL,NULL,NULL,NULL)
insert into pergunta (id, descricao, tipoPerguntaId, timer, formularioId, numero, ordem, valorMinimo, valorMaximo, step, mascaraResposta) values (280,'Minhas expectativas sobre relacionamentos amorosos me deixam angustiado.',1,NULL,4,80,80,NULL,NULL,NULL,NULL)
insert into pergunta (id, descricao, tipoPerguntaId, timer, formularioId, numero, ordem, valorMinimo, valorMaximo, step, mascaraResposta) values (281,'As dificuldades que enfrento nos estudos afetam a minha saúde mental',1,NULL,4,81,81,NULL,NULL,NULL,NULL)
insert into pergunta (id, descricao, tipoPerguntaId, timer, formularioId, numero, ordem, valorMinimo, valorMaximo, step, mascaraResposta) values (282,'Meus colegas me zoam ou intimidam tanto que frequentemente eu me sinto magoado, incomodado, aborrecido, ofendido ou humilhado.',1,NULL,4,82,82,NULL,NULL,NULL,NULL)
insert into pergunta (id, descricao, tipoPerguntaId, timer, formularioId, numero, ordem, valorMinimo, valorMaximo, step, mascaraResposta) values (283,'Eu já sofri bullying',1,NULL,4,83,83,NULL,NULL,NULL,NULL)
insert into pergunta (id, descricao, tipoPerguntaId, timer, formularioId, numero, ordem, valorMinimo, valorMaximo, step, mascaraResposta) values (284,'Nos últimos 12 meses eu tenho me sentido muito sozinho',1,NULL,4,84,84,NULL,NULL,NULL,NULL)
insert into pergunta (id, descricao, tipoPerguntaId, timer, formularioId, numero, ordem, valorMinimo, valorMaximo, step, mascaraResposta) values (517,'Instruções: Avalie as situações abaixo e selecione a alternativa que mais se aproxima da atitude que você tomaria se estivesse diante de tais situações nesse momento da sua vida. A ideia é que você se coloque na situação descrita e diga o que você acha que faria nesse contexto. Não há respostas certas ou erradas, e todas as respostas serão anonimizadas (ninguém conseguirá identificar as respostas a você).',4,NULL,4,'',13,NULL,NULL,NULL,NULL)
SET IDENTITY_INSERT pergunta off; 
------------------


--------------------
delete from alternativa
SET IDENTITY_INSERT alternativa on; 
insert into alternativa(id, descricao, perguntaId,numero,ordem) values (591,'Amarelo',180,1,1)
insert into alternativa(id, descricao, perguntaId,numero,ordem) values (592,'Branco',180,2,2)
insert into alternativa(id, descricao, perguntaId,numero,ordem) values (593,'Indígena',180,3,3)
insert into alternativa(id, descricao, perguntaId,numero,ordem) values (594,'Pardo',180,4,4)
insert into alternativa(id, descricao, perguntaId,numero,ordem) values (595,'Preto',180,5,5)
insert into alternativa(id, descricao, perguntaId,numero,ordem) values (596,'Não quero declarar',180,6,6)
insert into alternativa(id, descricao, perguntaId,numero,ordem) values (597,'Feminino',181,1,1)
insert into alternativa(id, descricao, perguntaId,numero,ordem) values (598,'Masculino',181,2,2)
insert into alternativa(id, descricao, perguntaId,numero,ordem) values (599,'Outro',181,3,3)
insert into alternativa(id, descricao, perguntaId,numero,ordem) values (600,'Não quero declarar',181,4,4)
insert into alternativa(id, descricao, perguntaId,numero,ordem) values (601,'até 15',182,1,1)
insert into alternativa(id, descricao, perguntaId,numero,ordem) values (602,'16 ou 17',182,2,2)
insert into alternativa(id, descricao, perguntaId,numero,ordem) values (603,'18 ou 19',182,3,3)
insert into alternativa(id, descricao, perguntaId,numero,ordem) values (604,'20 ou 21',182,4,4)
insert into alternativa(id, descricao, perguntaId,numero,ordem) values (605,'22 ou mais',182,5,5)
insert into alternativa(id, descricao, perguntaId,numero,ordem) values (606,'Escola de Ensino Fundamental',183,1,1)
insert into alternativa(id, descricao, perguntaId,numero,ordem) values (607,'Escola de Ensino Médio em Período Parcial',183,2,2)
insert into alternativa(id, descricao, perguntaId,numero,ordem) values (608,'Escola de Ensino Médio Militar',183,3,3)
insert into alternativa(id, descricao, perguntaId,numero,ordem) values (609,'Escola de Ensino Médio em Tempo Integral - EMTI',183,4,4)
insert into alternativa(id, descricao, perguntaId,numero,ordem) values (610,'Escola Quilombola e/ou Indígena',183,5,5)
insert into alternativa(id, descricao, perguntaId,numero,ordem) values (611,'Escola de Ensino Médio com Educação para Jovens e Adultos (EJA)',183,6,6)
insert into alternativa(id, descricao, perguntaId,numero,ordem) values (612,'Outro',183,7,7)
insert into alternativa(id, descricao, perguntaId,numero,ordem) values (613,'8º ano EF',184,1,1)
insert into alternativa(id, descricao, perguntaId,numero,ordem) values (614,'9º ano EF',184,2,2)
insert into alternativa(id, descricao, perguntaId,numero,ordem) values (615,'1º ano EM',184,3,3)
insert into alternativa(id, descricao, perguntaId,numero,ordem) values (616,'2º ano EM',184,4,4)
insert into alternativa(id, descricao, perguntaId,numero,ordem) values (617,'3º ano EM',184,5,5)
insert into alternativa(id, descricao, perguntaId,numero,ordem) values (618,'Manhã',185,1,1)
insert into alternativa(id, descricao, perguntaId,numero,ordem) values (619,'Tarde',185,2,2)
insert into alternativa(id, descricao, perguntaId,numero,ordem) values (620,'Noite',185,3,3)
insert into alternativa(id, descricao, perguntaId,numero,ordem) values (621,'Integral',185,4,4)
insert into alternativa(id, descricao, perguntaId,numero,ordem) values (622,'Discussões, em sala de aula, sobre projeto de vida',186,1,1)
insert into alternativa(id, descricao, perguntaId,numero,ordem) values (623,'Discussões, em sala de aula, sobre habilidades socioemocionais',186,2,2)
insert into alternativa(id, descricao, perguntaId,numero,ordem) values (624,'Discussões, em sala de aula, sobre  saúde mental',186,3,3)
insert into alternativa(id, descricao, perguntaId,numero,ordem) values (625,'Debate, em sala de aula, sobre o preconceito quanto a transtornos mentais',186,4,4)
insert into alternativa(id, descricao, perguntaId,numero,ordem) values (626,'Não participei de nenhuma atividade',186,5,5)
insert into alternativa(id, descricao, perguntaId,numero,ordem) values (627,'Raramente',187,1,1)
insert into alternativa(id, descricao, perguntaId,numero,ordem) values (628,'De vez em quando',187,2,2)
insert into alternativa(id, descricao, perguntaId,numero,ordem) values (629,'Com frequência ',187,3,3)
insert into alternativa(id, descricao, perguntaId,numero,ordem) values (630,'Sempre',187,4,4)
insert into alternativa(id, descricao, perguntaId,numero,ordem) values (631,'Discordo Totalmente',189,1,1)
insert into alternativa(id, descricao, perguntaId,numero,ordem) values (632,'Discordo',189,2,2)
insert into alternativa(id, descricao, perguntaId,numero,ordem) values (633,'Concordo',189,3,3)
insert into alternativa(id, descricao, perguntaId,numero,ordem) values (634,'Concordo Totalmente',189,4,4)
insert into alternativa(id, descricao, perguntaId,numero,ordem) values (635,'Discordo Totalmente',190,1,1)
insert into alternativa(id, descricao, perguntaId,numero,ordem) values (636,'Discordo',190,2,2)
insert into alternativa(id, descricao, perguntaId,numero,ordem) values (637,'Concordo',190,3,3)
insert into alternativa(id, descricao, perguntaId,numero,ordem) values (638,'Concordo Totalmente',190,4,4)
insert into alternativa(id, descricao, perguntaId,numero,ordem) values (639,'Discordo Totalmente',191,1,1)
insert into alternativa(id, descricao, perguntaId,numero,ordem) values (640,'Discordo',191,2,2)
insert into alternativa(id, descricao, perguntaId,numero,ordem) values (641,'Concordo',191,3,3)
insert into alternativa(id, descricao, perguntaId,numero,ordem) values (642,'Concordo Totalmente',191,4,4)
insert into alternativa(id, descricao, perguntaId,numero,ordem) values (643,'Discordo Totalmente',192,1,1)
insert into alternativa(id, descricao, perguntaId,numero,ordem) values (644,'Discordo',192,2,2)
insert into alternativa(id, descricao, perguntaId,numero,ordem) values (645,'Concordo',192,3,3)
insert into alternativa(id, descricao, perguntaId,numero,ordem) values (646,'Concordo Totalmente',192,4,4)
insert into alternativa(id, descricao, perguntaId,numero,ordem) values (647,'Discordo Totalmente',193,1,1)
insert into alternativa(id, descricao, perguntaId,numero,ordem) values (648,'Discordo',193,2,2)
insert into alternativa(id, descricao, perguntaId,numero,ordem) values (649,'Concordo',193,3,3)
insert into alternativa(id, descricao, perguntaId,numero,ordem) values (650,'Concordo Totalmente',193,4,4)
insert into alternativa(id, descricao, perguntaId,numero,ordem) values (651,'Você não atende as recomendações, pois considera sua saúde boa, tudo isso demanda muito trabalho e você não se sente disposto a mudar os seus hábitos agora.',194,1,1)
insert into alternativa(id, descricao, perguntaId,numero,ordem) values (652,'Você se dispõe a atender apenas algumas das recomendações, pois acredita que, apesar da sua saúde estar regular, não é necessário mudanças tão radicais nos seus hábitos agora.',194,2,2)
insert into alternativa(id, descricao, perguntaId,numero,ordem) values (653,'Você planeja atender todas as recomendações, mas começa com pequenas e graduais mudanças, partindo das mais urgentes no sentido de alcançar uma vida cada vez mais saudável.',194,3,3)
insert into alternativa(id, descricao, perguntaId,numero,ordem) values (654,'Você atende imediatamente todas as recomendações e muda radicalmente seus hábitos, pois acredita que sua saúde está bem ruim que é capaz de sustentar todas essas mudanças em prol de uma vida mais saudável.',194,4,4)
insert into alternativa(id, descricao, perguntaId,numero,ordem) values (655,'Você eventualmente participa dessas ações, apesar de não ser quem começou. Em geral essas coisas são brincadeiras entre colegas e no fim todo mundo sempre se entende.',195,1,1)
insert into alternativa(id, descricao, perguntaId,numero,ordem) values (656,'Você ignora a situação de Antônio porque mal o conhece e prefere focar em suas próprias questões pessoais.',195,2,2)
insert into alternativa(id, descricao, perguntaId,numero,ordem) values (657,'Você reporta os acontecimentos aos professores ou coordenadores, pois se preocupa com como Antônio está se sentindo.',195,3,3)
insert into alternativa(id, descricao, perguntaId,numero,ordem) values (658,'Você imediatamente, durante as agressões, se posiciona e defende Antônio, assumindo o risco de também sofrer agressões e chacotas como ocorre com ele.',195,4,4)
insert into alternativa(id, descricao, perguntaId,numero,ordem) values (659,'Reconhece que se sente muito triste por não ter mais nenhum amigo, não consegue lidar com as demandas diárias e se mantém estressado, com a qualidade de sono ruim e não se sente capaz de encontrar nenhuma alternativa para essa situação. Não tem muito o que fazer.',196,1,1)
insert into alternativa(id, descricao, perguntaId,numero,ordem) values (660,'Reconhece que sente falta do seu amigo, porém pode contar com outro amigo igualmente valioso. Ainda assim, não consegue enfrentar o desânimo para organizar suas tarefas ou definir estratégias para reduzir o estresse e assim melhorar gradativamente suas noites de sono.',196,2,2)
insert into alternativa(id, descricao, perguntaId,numero,ordem) values (661,'Compreende que se sente triste pela partida do seu amigo, mas busca apoio em outras amizades importantes. Para ajudar a reduzir o estresse, decide retomar um antigo hobby, retomar a qualidade do sono e assim busca melhorar sua capacidade de organizar nas tarefas.',196,3,3)
insert into alternativa(id, descricao, perguntaId,numero,ordem) values (662,'Compreende que é normal se sentir triste com a partida do seu amigo, mas consegue se fortalecer com o apoio de outras amizades. Por isso, não se abala muito: organiza suas tarefas acumuladas em níveis de prioridade, comunica seus parentes e professores que está reestabelecendo sua organização e, assim, reduz o estresse causado por essa situação. Suas noites de sono melhoram mais rápido do que você imaginava.',196,4,4)
insert into alternativa(id, descricao, perguntaId,numero,ordem) values (663,'Todo o tempo',199,1,1)
insert into alternativa(id, descricao, perguntaId,numero,ordem) values (664,'A maior parte do tempo',199,2,2)
insert into alternativa(id, descricao, perguntaId,numero,ordem) values (665,'Uma pequena parte do tempo',199,3,3)
insert into alternativa(id, descricao, perguntaId,numero,ordem) values (666,'Nunca',199,4,4)
insert into alternativa(id, descricao, perguntaId,numero,ordem) values (667,'Todo o tempo',200,1,1)
insert into alternativa(id, descricao, perguntaId,numero,ordem) values (668,'A maior parte do tempo',200,2,2)
insert into alternativa(id, descricao, perguntaId,numero,ordem) values (669,'Uma pequena parte do tempo',200,3,3)
insert into alternativa(id, descricao, perguntaId,numero,ordem) values (670,'Nunca',200,4,4)
insert into alternativa(id, descricao, perguntaId,numero,ordem) values (671,'Todo o tempo',201,1,1)
insert into alternativa(id, descricao, perguntaId,numero,ordem) values (672,'A maior parte do tempo',201,2,2)
insert into alternativa(id, descricao, perguntaId,numero,ordem) values (673,'Uma pequena parte do tempo',201,3,3)
insert into alternativa(id, descricao, perguntaId,numero,ordem) values (674,'Nunca',201,4,4)
insert into alternativa(id, descricao, perguntaId,numero,ordem) values (675,'Todo o tempo',202,1,1)
insert into alternativa(id, descricao, perguntaId,numero,ordem) values (676,'A maior parte do tempo',202,2,2)
insert into alternativa(id, descricao, perguntaId,numero,ordem) values (677,'Uma pequena parte do tempo',202,3,3)
insert into alternativa(id, descricao, perguntaId,numero,ordem) values (678,'Nunca',202,4,4)
insert into alternativa(id, descricao, perguntaId,numero,ordem) values (679,'Todo o tempo',203,1,1)
insert into alternativa(id, descricao, perguntaId,numero,ordem) values (680,'A maior parte do tempo',203,2,2)
insert into alternativa(id, descricao, perguntaId,numero,ordem) values (681,'Uma pequena parte do tempo',203,3,3)
insert into alternativa(id, descricao, perguntaId,numero,ordem) values (682,'Nunca',203,4,4)
insert into alternativa(id, descricao, perguntaId,numero,ordem) values (683,'Muito',205,1,1)
insert into alternativa(id, descricao, perguntaId,numero,ordem) values (684,'Mais ou menos',205,2,2)
insert into alternativa(id, descricao, perguntaId,numero,ordem) values (685,'Pouco',205,3,3)
insert into alternativa(id, descricao, perguntaId,numero,ordem) values (686,'Muito Pouco',205,4,4)
insert into alternativa(id, descricao, perguntaId,numero,ordem) values (687,'Muito Bem',206,1,1)
insert into alternativa(id, descricao, perguntaId,numero,ordem) values (688,'Mais ou menos',206,2,2)
insert into alternativa(id, descricao, perguntaId,numero,ordem) values (689,'Não tão bem',206,3,3)
insert into alternativa(id, descricao, perguntaId,numero,ordem) values (690,'Nada bem',206,4,4)
insert into alternativa(id, descricao, perguntaId,numero,ordem) values (691,'A maior parte do tempo',207,1,1)
insert into alternativa(id, descricao, perguntaId,numero,ordem) values (692,'Às vezes',207,2,2)
insert into alternativa(id, descricao, perguntaId,numero,ordem) values (693,'Quase nunca',207,3,3)
insert into alternativa(id, descricao, perguntaId,numero,ordem) values (694,'Nunca',207,4,4)
insert into alternativa(id, descricao, perguntaId,numero,ordem) values (695,'Muito feliz',208,1,1)
insert into alternativa(id, descricao, perguntaId,numero,ordem) values (696,'Mais ou menos feliz',208,2,2)
insert into alternativa(id, descricao, perguntaId,numero,ordem) values (697,'Não muito feliz',208,3,3)
insert into alternativa(id, descricao, perguntaId,numero,ordem) values (698,'Nada feliz',208,4,4)
insert into alternativa(id, descricao, perguntaId,numero,ordem) values (699,'Frequentemente',209,1,1)
insert into alternativa(id, descricao, perguntaId,numero,ordem) values (700,'Às vezes',209,2,2)
insert into alternativa(id, descricao, perguntaId,numero,ordem) values (701,'Raramente',209,3,3)
insert into alternativa(id, descricao, perguntaId,numero,ordem) values (702,'Nunca',209,4,4)
insert into alternativa(id, descricao, perguntaId,numero,ordem) values (703,'Frequentemente',210,1,1)
insert into alternativa(id, descricao, perguntaId,numero,ordem) values (704,'Às vezes',210,2,2)
insert into alternativa(id, descricao, perguntaId,numero,ordem) values (705,'Raramente',210,3,3)
insert into alternativa(id, descricao, perguntaId,numero,ordem) values (706,'Nunca',210,4,4)
insert into alternativa(id, descricao, perguntaId,numero,ordem) values (707,'Muita dificuldade',212,1,1)
insert into alternativa(id, descricao, perguntaId,numero,ordem) values (708,'Alguma dificuldade',212,2,2)
insert into alternativa(id, descricao, perguntaId,numero,ordem) values (709,'Certa facilidade',212,3,3)
insert into alternativa(id, descricao, perguntaId,numero,ordem) values (710,'Muita facilidade',212,4,4)
insert into alternativa(id, descricao, perguntaId,numero,ordem) values (711,'Muita dificuldade',213,1,1)
insert into alternativa(id, descricao, perguntaId,numero,ordem) values (712,'Alguma dificuldade',213,2,2)
insert into alternativa(id, descricao, perguntaId,numero,ordem) values (713,'Certa facilidade',213,3,3)
insert into alternativa(id, descricao, perguntaId,numero,ordem) values (714,'Muita facilidade',213,4,4)
insert into alternativa(id, descricao, perguntaId,numero,ordem) values (715,'Muita dificuldade',214,1,1)
insert into alternativa(id, descricao, perguntaId,numero,ordem) values (716,'Alguma dificuldade',214,2,2)
insert into alternativa(id, descricao, perguntaId,numero,ordem) values (717,'Certa facilidade',214,3,3)
insert into alternativa(id, descricao, perguntaId,numero,ordem) values (718,'Muita facilidade',214,4,4)
insert into alternativa(id, descricao, perguntaId,numero,ordem) values (719,'Muita dificuldade',215,1,1)
insert into alternativa(id, descricao, perguntaId,numero,ordem) values (720,'Alguma dificuldade',215,2,2)
insert into alternativa(id, descricao, perguntaId,numero,ordem) values (721,'Certa facilidade',215,3,3)
insert into alternativa(id, descricao, perguntaId,numero,ordem) values (722,'Muita facilidade',215,4,4)
insert into alternativa(id, descricao, perguntaId,numero,ordem) values (723,'Muita dificuldade',216,1,1)
insert into alternativa(id, descricao, perguntaId,numero,ordem) values (724,'Alguma dificuldade',216,2,2)
insert into alternativa(id, descricao, perguntaId,numero,ordem) values (725,'Certa facilidade',216,3,3)
insert into alternativa(id, descricao, perguntaId,numero,ordem) values (726,'Muita facilidade',216,4,4)
insert into alternativa(id, descricao, perguntaId,numero,ordem) values (727,'Muita dificuldade',217,1,1)
insert into alternativa(id, descricao, perguntaId,numero,ordem) values (728,'Alguma dificuldade',217,2,2)
insert into alternativa(id, descricao, perguntaId,numero,ordem) values (729,'Certa facilidade',217,3,3)
insert into alternativa(id, descricao, perguntaId,numero,ordem) values (730,'Muita facilidade',217,4,4)
insert into alternativa(id, descricao, perguntaId,numero,ordem) values (731,'Muita dificuldade',218,1,1)
insert into alternativa(id, descricao, perguntaId,numero,ordem) values (732,'Alguma dificuldade',218,2,2)
insert into alternativa(id, descricao, perguntaId,numero,ordem) values (733,'Certa facilidade',218,3,3)
insert into alternativa(id, descricao, perguntaId,numero,ordem) values (734,'Muita facilidade',218,4,4)
insert into alternativa(id, descricao, perguntaId,numero,ordem) values (735,'Muita dificuldade',219,1,1)
insert into alternativa(id, descricao, perguntaId,numero,ordem) values (736,'Alguma dificuldade',219,2,2)
insert into alternativa(id, descricao, perguntaId,numero,ordem) values (737,'Certa facilidade',219,3,3)
insert into alternativa(id, descricao, perguntaId,numero,ordem) values (738,'Muita facilidade',219,4,4)
insert into alternativa(id, descricao, perguntaId,numero,ordem) values (739,'Muita dificuldade',220,1,1)
insert into alternativa(id, descricao, perguntaId,numero,ordem) values (740,'Alguma dificuldade',220,2,2)
insert into alternativa(id, descricao, perguntaId,numero,ordem) values (741,'Certa facilidade',220,3,3)
insert into alternativa(id, descricao, perguntaId,numero,ordem) values (742,'Muita facilidade',220,4,4)
insert into alternativa(id, descricao, perguntaId,numero,ordem) values (743,'Muita dificuldade',221,1,1)
insert into alternativa(id, descricao, perguntaId,numero,ordem) values (744,'Alguma dificuldade',221,2,2)
insert into alternativa(id, descricao, perguntaId,numero,ordem) values (745,'Certa facilidade',221,3,3)
insert into alternativa(id, descricao, perguntaId,numero,ordem) values (746,'Muita facilidade',221,4,4)
insert into alternativa(id, descricao, perguntaId,numero,ordem) values (747,'Muita dificuldade',222,1,1)
insert into alternativa(id, descricao, perguntaId,numero,ordem) values (748,'Alguma dificuldade',222,2,2)
insert into alternativa(id, descricao, perguntaId,numero,ordem) values (749,'Certa facilidade',222,3,3)
insert into alternativa(id, descricao, perguntaId,numero,ordem) values (750,'Muita facilidade',222,4,4)
insert into alternativa(id, descricao, perguntaId,numero,ordem) values (751,'Muita dificuldade',223,1,1)
insert into alternativa(id, descricao, perguntaId,numero,ordem) values (752,'Alguma dificuldade',223,2,2)
insert into alternativa(id, descricao, perguntaId,numero,ordem) values (753,'Certa facilidade',223,3,3)
insert into alternativa(id, descricao, perguntaId,numero,ordem) values (754,'Muita facilidade',223,4,4)
insert into alternativa(id, descricao, perguntaId,numero,ordem) values (755,'Muita dificuldade',224,1,1)
insert into alternativa(id, descricao, perguntaId,numero,ordem) values (756,'Alguma dificuldade',224,2,2)
insert into alternativa(id, descricao, perguntaId,numero,ordem) values (757,'Certa facilidade',224,3,3)
insert into alternativa(id, descricao, perguntaId,numero,ordem) values (758,'Muita facilidade',224,4,4)
insert into alternativa(id, descricao, perguntaId,numero,ordem) values (759,'Muita dificuldade',225,1,1)
insert into alternativa(id, descricao, perguntaId,numero,ordem) values (760,'Alguma dificuldade',225,2,2)
insert into alternativa(id, descricao, perguntaId,numero,ordem) values (761,'Certa facilidade',225,3,3)
insert into alternativa(id, descricao, perguntaId,numero,ordem) values (762,'Muita facilidade',225,4,4)
insert into alternativa(id, descricao, perguntaId,numero,ordem) values (763,'Muita dificuldade',226,1,1)
insert into alternativa(id, descricao, perguntaId,numero,ordem) values (764,'Alguma dificuldade',226,2,2)
insert into alternativa(id, descricao, perguntaId,numero,ordem) values (765,'Certa facilidade',226,3,3)
insert into alternativa(id, descricao, perguntaId,numero,ordem) values (766,'Muita facilidade',226,4,4)
insert into alternativa(id, descricao, perguntaId,numero,ordem) values (767,'Muita dificuldade',227,1,1)
insert into alternativa(id, descricao, perguntaId,numero,ordem) values (768,'Alguma dificuldade',227,2,2)
insert into alternativa(id, descricao, perguntaId,numero,ordem) values (769,'Certa facilidade',227,3,3)
insert into alternativa(id, descricao, perguntaId,numero,ordem) values (770,'Muita facilidade',227,4,4)
insert into alternativa(id, descricao, perguntaId,numero,ordem) values (771,'Muita dificuldade',228,1,1)
insert into alternativa(id, descricao, perguntaId,numero,ordem) values (772,'Alguma dificuldade',228,2,2)
insert into alternativa(id, descricao, perguntaId,numero,ordem) values (773,'Certa facilidade',228,3,3)
insert into alternativa(id, descricao, perguntaId,numero,ordem) values (774,'Muita facilidade',228,4,4)
insert into alternativa(id, descricao, perguntaId,numero,ordem) values (775,'Nada claro',230,1,1)
insert into alternativa(id, descricao, perguntaId,numero,ordem) values (776,'Um pouco claro',230,2,2)
insert into alternativa(id, descricao, perguntaId,numero,ordem) values (777,'Bastante claro',230,3,3)
insert into alternativa(id, descricao, perguntaId,numero,ordem) values (778,'Extremamente claro',230,4,4)
insert into alternativa(id, descricao, perguntaId,numero,ordem) values (779,'Não entendo nada',231,1,1)
insert into alternativa(id, descricao, perguntaId,numero,ordem) values (780,'Entendo um pouco',231,2,2)
insert into alternativa(id, descricao, perguntaId,numero,ordem) values (781,'Entendo bastante bem',231,3,3)
insert into alternativa(id, descricao, perguntaId,numero,ordem) values (782,'Entendo extremamente bem',231,4,4)
insert into alternativa(id, descricao, perguntaId,numero,ordem) values (783,'Nada confiante',232,1,1)
insert into alternativa(id, descricao, perguntaId,numero,ordem) values (784,'Um pouco confiante',232,2,2)
insert into alternativa(id, descricao, perguntaId,numero,ordem) values (785,'Bastante confiante',232,3,3)
insert into alternativa(id, descricao, perguntaId,numero,ordem) values (786,'Extremamente confiante',232,4,4)
insert into alternativa(id, descricao, perguntaId,numero,ordem) values (787,'Nada claro',233,1,1)
insert into alternativa(id, descricao, perguntaId,numero,ordem) values (788,'Um pouco claro',233,2,2)
insert into alternativa(id, descricao, perguntaId,numero,ordem) values (789,'Bastante claro',233,3,3)
insert into alternativa(id, descricao, perguntaId,numero,ordem) values (790,'Extremamente claro',233,4,4)
insert into alternativa(id, descricao, perguntaId,numero,ordem) values (791,'Nada',234,1,1)
insert into alternativa(id, descricao, perguntaId,numero,ordem) values (792,'Um pouco',234,2,2)
insert into alternativa(id, descricao, perguntaId,numero,ordem) values (793,'Bastante',234,3,3)
insert into alternativa(id, descricao, perguntaId,numero,ordem) values (794,'Muito',234,4,4)
insert into alternativa(id, descricao, perguntaId,numero,ordem) values (795,'Quase nenhum esforço',235,1,1)
insert into alternativa(id, descricao, perguntaId,numero,ordem) values (796,'Algum esforço',235,2,2)
insert into alternativa(id, descricao, perguntaId,numero,ordem) values (797,'Bastante esforço',235,3,3)
insert into alternativa(id, descricao, perguntaId,numero,ordem) values (798,'Um tremendo esforço',235,4,4)
insert into alternativa(id, descricao, perguntaId,numero,ordem) values (799,'Nada engajado',236,1,1)
insert into alternativa(id, descricao, perguntaId,numero,ordem) values (800,'Um pouco engajado',236,2,2)
insert into alternativa(id, descricao, perguntaId,numero,ordem) values (801,'Bastante engajado',236,3,3)
insert into alternativa(id, descricao, perguntaId,numero,ordem) values (802,'Extremamente engajado',236,4,4)
insert into alternativa(id, descricao, perguntaId,numero,ordem) values (803,'Nenhuma das minhas atividades diárias',237,1,1)
insert into alternativa(id, descricao, perguntaId,numero,ordem) values (804,'Algumas das minhas atividades diárias',237,2,2)
insert into alternativa(id, descricao, perguntaId,numero,ordem) values (805,'A maioria das minhas atividades diárias',237,3,3)
insert into alternativa(id, descricao, perguntaId,numero,ordem) values (806,'Todas as minhas atividades diárias',237,4,4)
insert into alternativa(id, descricao, perguntaId,numero,ordem) values (807,'Quase nunca',238,1,1)
insert into alternativa(id, descricao, perguntaId,numero,ordem) values (808,'Às vezes',238,2,2)
insert into alternativa(id, descricao, perguntaId,numero,ordem) values (809,'Frequentemente',238,3,3)
insert into alternativa(id, descricao, perguntaId,numero,ordem) values (810,'Quase sempre',238,4,4)
insert into alternativa(id, descricao, perguntaId,numero,ordem) values (811,'Nada importante',239,1,1)
insert into alternativa(id, descricao, perguntaId,numero,ordem) values (812,'Razoavelmente importante',239,2,2)
insert into alternativa(id, descricao, perguntaId,numero,ordem) values (813,'Bastante importante',239,3,3)
insert into alternativa(id, descricao, perguntaId,numero,ordem) values (814,'Extremamente importante',239,4,4)
insert into alternativa(id, descricao, perguntaId,numero,ordem) values (815,'Quase nunca',240,1,1)
insert into alternativa(id, descricao, perguntaId,numero,ordem) values (816,'Às vezes',240,2,2)
insert into alternativa(id, descricao, perguntaId,numero,ordem) values (817,'Frequentemente',240,3,3)
insert into alternativa(id, descricao, perguntaId,numero,ordem) values (818,'Quase sempre',240,4,4)
insert into alternativa(id, descricao, perguntaId,numero,ordem) values (819,'Discordo Totalmente',242,1,1)
insert into alternativa(id, descricao, perguntaId,numero,ordem) values (820,'Discordo Parcialmente',242,2,2)
insert into alternativa(id, descricao, perguntaId,numero,ordem) values (821,'Concordo Parcialmente',242,3,3)
insert into alternativa(id, descricao, perguntaId,numero,ordem) values (822,'Concordo Totalmente',242,4,4)
insert into alternativa(id, descricao, perguntaId,numero,ordem) values (823,'Discordo Totalmente',243,1,1)
insert into alternativa(id, descricao, perguntaId,numero,ordem) values (824,'Discordo Parcialmente',243,2,2)
insert into alternativa(id, descricao, perguntaId,numero,ordem) values (825,'Concordo Parcialmente',243,3,3)
insert into alternativa(id, descricao, perguntaId,numero,ordem) values (826,'Concordo Totalmente',243,4,4)
insert into alternativa(id, descricao, perguntaId,numero,ordem) values (827,'Discordo Totalmente',244,1,1)
insert into alternativa(id, descricao, perguntaId,numero,ordem) values (828,'Discordo Parcialmente',244,2,2)
insert into alternativa(id, descricao, perguntaId,numero,ordem) values (829,'Concordo Parcialmente',244,3,3)
insert into alternativa(id, descricao, perguntaId,numero,ordem) values (830,'Concordo Totalmente',244,4,4)
insert into alternativa(id, descricao, perguntaId,numero,ordem) values (831,'Discordo Totalmente',245,1,1)
insert into alternativa(id, descricao, perguntaId,numero,ordem) values (832,'Discordo Parcialmente',245,2,2)
insert into alternativa(id, descricao, perguntaId,numero,ordem) values (833,'Concordo Parcialmente',245,3,3)
insert into alternativa(id, descricao, perguntaId,numero,ordem) values (834,'Concordo Totalmente',245,4,4)
insert into alternativa(id, descricao, perguntaId,numero,ordem) values (835,'Discordo Totalmente',246,1,1)
insert into alternativa(id, descricao, perguntaId,numero,ordem) values (836,'Discordo Parcialmente',246,2,2)
insert into alternativa(id, descricao, perguntaId,numero,ordem) values (837,'Concordo Parcialmente',246,3,3)
insert into alternativa(id, descricao, perguntaId,numero,ordem) values (838,'Concordo Totalmente',246,4,4)
insert into alternativa(id, descricao, perguntaId,numero,ordem) values (839,'Discordo Totalmente',247,1,1)
insert into alternativa(id, descricao, perguntaId,numero,ordem) values (840,'Discordo Parcialmente',247,2,2)
insert into alternativa(id, descricao, perguntaId,numero,ordem) values (841,'Concordo Parcialmente',247,3,3)
insert into alternativa(id, descricao, perguntaId,numero,ordem) values (842,'Concordo Totalmente',247,4,4)
insert into alternativa(id, descricao, perguntaId,numero,ordem) values (843,'Discordo Totalmente',248,1,1)
insert into alternativa(id, descricao, perguntaId,numero,ordem) values (844,'Discordo Parcialmente',248,2,2)
insert into alternativa(id, descricao, perguntaId,numero,ordem) values (845,'Concordo Parcialmente',248,3,3)
insert into alternativa(id, descricao, perguntaId,numero,ordem) values (846,'Concordo Totalmente',248,4,4)
insert into alternativa(id, descricao, perguntaId,numero,ordem) values (847,'Discordo Totalmente',249,1,1)
insert into alternativa(id, descricao, perguntaId,numero,ordem) values (848,'Discordo Parcialmente',249,2,2)
insert into alternativa(id, descricao, perguntaId,numero,ordem) values (849,'Concordo Parcialmente',249,3,3)
insert into alternativa(id, descricao, perguntaId,numero,ordem) values (850,'Concordo Totalmente',249,4,4)
insert into alternativa(id, descricao, perguntaId,numero,ordem) values (851,'Discordo Totalmente',250,1,1)
insert into alternativa(id, descricao, perguntaId,numero,ordem) values (852,'Discordo Parcialmente',250,2,2)
insert into alternativa(id, descricao, perguntaId,numero,ordem) values (853,'Concordo Parcialmente',250,3,3)
insert into alternativa(id, descricao, perguntaId,numero,ordem) values (854,'Concordo Totalmente',250,4,4)
insert into alternativa(id, descricao, perguntaId,numero,ordem) values (895,'De forma alguma',263,1,1)
insert into alternativa(id, descricao, perguntaId,numero,ordem) values (896,'Um pouco',263,2,2)
insert into alternativa(id, descricao, perguntaId,numero,ordem) values (897,'Muito',263,3,3)
insert into alternativa(id, descricao, perguntaId,numero,ordem) values (898,'Totalmente',263,4,4)
insert into alternativa(id, descricao, perguntaId,numero,ordem) values (899,'De forma alguma',264,1,1)
insert into alternativa(id, descricao, perguntaId,numero,ordem) values (900,'Um pouco',264,2,2)
insert into alternativa(id, descricao, perguntaId,numero,ordem) values (901,'Muito',264,3,3)
insert into alternativa(id, descricao, perguntaId,numero,ordem) values (902,'Totalmente',264,4,4)
insert into alternativa(id, descricao, perguntaId,numero,ordem) values (903,'De forma alguma',265,1,1)
insert into alternativa(id, descricao, perguntaId,numero,ordem) values (904,'Um pouco',265,2,2)
insert into alternativa(id, descricao, perguntaId,numero,ordem) values (905,'Muito',265,3,3)
insert into alternativa(id, descricao, perguntaId,numero,ordem) values (906,'Totalmente',265,4,4)
insert into alternativa(id, descricao, perguntaId,numero,ordem) values (907,'De forma alguma',266,1,1)
insert into alternativa(id, descricao, perguntaId,numero,ordem) values (908,'Um pouco',266,2,2)
insert into alternativa(id, descricao, perguntaId,numero,ordem) values (909,'Muito',266,3,3)
insert into alternativa(id, descricao, perguntaId,numero,ordem) values (910,'Totalmente',266,4,4)
insert into alternativa(id, descricao, perguntaId,numero,ordem) values (911,'De forma alguma',267,1,1)
insert into alternativa(id, descricao, perguntaId,numero,ordem) values (912,'Um pouco',267,2,2)
insert into alternativa(id, descricao, perguntaId,numero,ordem) values (913,'Muito',267,3,3)
insert into alternativa(id, descricao, perguntaId,numero,ordem) values (914,'Totalmente',267,4,4)
insert into alternativa(id, descricao, perguntaId,numero,ordem) values (915,'De forma alguma',268,1,1)
insert into alternativa(id, descricao, perguntaId,numero,ordem) values (916,'Um pouco',268,2,2)
insert into alternativa(id, descricao, perguntaId,numero,ordem) values (917,'Muito',268,3,3)
insert into alternativa(id, descricao, perguntaId,numero,ordem) values (918,'Totalmente',268,4,4)
insert into alternativa(id, descricao, perguntaId,numero,ordem) values (919,'De forma alguma',269,1,1)
insert into alternativa(id, descricao, perguntaId,numero,ordem) values (920,'Um pouco',269,2,2)
insert into alternativa(id, descricao, perguntaId,numero,ordem) values (921,'Muito',269,3,3)
insert into alternativa(id, descricao, perguntaId,numero,ordem) values (922,'Totalmente',269,4,4)
insert into alternativa(id, descricao, perguntaId,numero,ordem) values (923,'De forma alguma',270,1,1)
insert into alternativa(id, descricao, perguntaId,numero,ordem) values (924,'Um pouco',270,2,2)
insert into alternativa(id, descricao, perguntaId,numero,ordem) values (925,'Muito',270,3,3)
insert into alternativa(id, descricao, perguntaId,numero,ordem) values (926,'Totalmente',270,4,4)
insert into alternativa(id, descricao, perguntaId,numero,ordem) values (927,'De forma alguma',271,1,1)
insert into alternativa(id, descricao, perguntaId,numero,ordem) values (928,'Um pouco',271,2,2)
insert into alternativa(id, descricao, perguntaId,numero,ordem) values (929,'Muito',271,3,3)
insert into alternativa(id, descricao, perguntaId,numero,ordem) values (930,'Totalmente',271,4,4)
insert into alternativa(id, descricao, perguntaId,numero,ordem) values (931,'De forma alguma',272,1,1)
insert into alternativa(id, descricao, perguntaId,numero,ordem) values (932,'Um pouco',272,2,2)
insert into alternativa(id, descricao, perguntaId,numero,ordem) values (933,'Muito',272,3,3)
insert into alternativa(id, descricao, perguntaId,numero,ordem) values (934,'Totalmente',272,4,4)
insert into alternativa(id, descricao, perguntaId,numero,ordem) values (935,'De forma alguma',274,1,1)
insert into alternativa(id, descricao, perguntaId,numero,ordem) values (936,'Um pouco',274,2,2)
insert into alternativa(id, descricao, perguntaId,numero,ordem) values (937,'Muito',274,3,3)
insert into alternativa(id, descricao, perguntaId,numero,ordem) values (938,'Totalmente',274,4,4)
insert into alternativa(id, descricao, perguntaId,numero,ordem) values (939,'De forma alguma',275,1,1)
insert into alternativa(id, descricao, perguntaId,numero,ordem) values (940,'Um pouco',275,2,2)
insert into alternativa(id, descricao, perguntaId,numero,ordem) values (941,'Muito',275,3,3)
insert into alternativa(id, descricao, perguntaId,numero,ordem) values (942,'Totalmente',275,4,4)
insert into alternativa(id, descricao, perguntaId,numero,ordem) values (943,'De forma alguma',276,1,1)
insert into alternativa(id, descricao, perguntaId,numero,ordem) values (944,'Um pouco',276,2,2)
insert into alternativa(id, descricao, perguntaId,numero,ordem) values (945,'Muito',276,3,3)
insert into alternativa(id, descricao, perguntaId,numero,ordem) values (946,'Totalmente',276,4,4)
insert into alternativa(id, descricao, perguntaId,numero,ordem) values (947,'De forma alguma',278,1,1)
insert into alternativa(id, descricao, perguntaId,numero,ordem) values (948,'Um pouco',278,2,2)
insert into alternativa(id, descricao, perguntaId,numero,ordem) values (949,'Muito',278,3,3)
insert into alternativa(id, descricao, perguntaId,numero,ordem) values (950,'Totalmente',278,4,4)
insert into alternativa(id, descricao, perguntaId,numero,ordem) values (951,'De forma alguma',279,1,1)
insert into alternativa(id, descricao, perguntaId,numero,ordem) values (952,'Um pouco',279,2,2)
insert into alternativa(id, descricao, perguntaId,numero,ordem) values (953,'Muito',279,3,3)
insert into alternativa(id, descricao, perguntaId,numero,ordem) values (954,'Totalmente',279,4,4)
insert into alternativa(id, descricao, perguntaId,numero,ordem) values (955,'De forma alguma',280,1,1)
insert into alternativa(id, descricao, perguntaId,numero,ordem) values (956,'Um pouco',280,2,2)
insert into alternativa(id, descricao, perguntaId,numero,ordem) values (957,'Muito',280,3,3)
insert into alternativa(id, descricao, perguntaId,numero,ordem) values (958,'Totalmente',280,4,4)
insert into alternativa(id, descricao, perguntaId,numero,ordem) values (959,'De forma alguma',281,1,1)
insert into alternativa(id, descricao, perguntaId,numero,ordem) values (960,'Um pouco',281,2,2)
insert into alternativa(id, descricao, perguntaId,numero,ordem) values (961,'Muito',281,3,3)
insert into alternativa(id, descricao, perguntaId,numero,ordem) values (962,'Totalmente',281,4,4)
insert into alternativa(id, descricao, perguntaId,numero,ordem) values (963,'De forma alguma',282,1,1)
insert into alternativa(id, descricao, perguntaId,numero,ordem) values (964,'Um pouco',282,2,2)
insert into alternativa(id, descricao, perguntaId,numero,ordem) values (965,'Muito',282,3,3)
insert into alternativa(id, descricao, perguntaId,numero,ordem) values (966,'Totalmente',282,4,4)
insert into alternativa(id, descricao, perguntaId,numero,ordem) values (967,'De forma alguma',283,1,1)
insert into alternativa(id, descricao, perguntaId,numero,ordem) values (968,'Um pouco',283,2,2)
insert into alternativa(id, descricao, perguntaId,numero,ordem) values (969,'Muito',283,3,3)
insert into alternativa(id, descricao, perguntaId,numero,ordem) values (970,'Totalmente',283,4,4)
insert into alternativa(id, descricao, perguntaId,numero,ordem) values (971,'De forma alguma',284,1,1)
insert into alternativa(id, descricao, perguntaId,numero,ordem) values (972,'Um pouco',284,2,2)
insert into alternativa(id, descricao, perguntaId,numero,ordem) values (973,'Muito',284,3,3)
insert into alternativa(id, descricao, perguntaId,numero,ordem) values (974,'Totalmente',284,4,4)
SET IDENTITY_INSERT alternativa off; 
--------------------

SET IDENTITY_INSERT escutar on; 
insert into escutar (id, perguntaid, escutarAlternativaId, escutarPerguntaId) values (2,187,622,186)
insert into escutar (id, perguntaid, escutarAlternativaId, escutarPerguntaId) values (3,187,623,186)
insert into escutar (id, perguntaid, escutarAlternativaId, escutarPerguntaId) values (4,187,624,186)
insert into escutar (id, perguntaid, escutarAlternativaId, escutarPerguntaId) values (5,187,625,186)
insert into escutar (id, perguntaid, escutarAlternativaId, escutarPerguntaId) values (26,189,622,186)
insert into escutar (id, perguntaid, escutarAlternativaId, escutarPerguntaId) values (27,189,623,186)
insert into escutar (id, perguntaid, escutarAlternativaId, escutarPerguntaId) values (28,189,624,186)
insert into escutar (id, perguntaid, escutarAlternativaId, escutarPerguntaId) values (29,189,625,186)
insert into escutar (id, perguntaid, escutarAlternativaId, escutarPerguntaId) values (30,190,622,186)
insert into escutar (id, perguntaid, escutarAlternativaId, escutarPerguntaId) values (31,190,623,186)
insert into escutar (id, perguntaid, escutarAlternativaId, escutarPerguntaId) values (32,190,624,186)
insert into escutar (id, perguntaid, escutarAlternativaId, escutarPerguntaId) values (33,190,625,186)
insert into escutar (id, perguntaid, escutarAlternativaId, escutarPerguntaId) values (34,191,622,186)
insert into escutar (id, perguntaid, escutarAlternativaId, escutarPerguntaId) values (35,191,623,186)
insert into escutar (id, perguntaid, escutarAlternativaId, escutarPerguntaId) values (36,191,624,186)
insert into escutar (id, perguntaid, escutarAlternativaId, escutarPerguntaId) values (37,191,625,186)
insert into escutar (id, perguntaid, escutarAlternativaId, escutarPerguntaId) values (38,192,622,186)
insert into escutar (id, perguntaid, escutarAlternativaId, escutarPerguntaId) values (39,192,623,186)
insert into escutar (id, perguntaid, escutarAlternativaId, escutarPerguntaId) values (40,192,624,186)
insert into escutar (id, perguntaid, escutarAlternativaId, escutarPerguntaId) values (41,192,625,186)
insert into escutar (id, perguntaid, escutarAlternativaId, escutarPerguntaId) values (42,193,622,186)
insert into escutar (id, perguntaid, escutarAlternativaId, escutarPerguntaId) values (43,193,623,186)
insert into escutar (id, perguntaid, escutarAlternativaId, escutarPerguntaId) values (44,193,624,186)
insert into escutar (id, perguntaid, escutarAlternativaId, escutarPerguntaId) values (45,193,625,186)
insert into escutar (id, perguntaid, escutarAlternativaId, escutarPerguntaId) values (46,328,1130,325)
insert into escutar (id, perguntaid, escutarAlternativaId, escutarPerguntaId) values (47,329,1130,325)
insert into escutar (id, perguntaid, escutarAlternativaId, escutarPerguntaId) values (48,330,1130,325)
insert into escutar (id, perguntaid, escutarAlternativaId, escutarPerguntaId) values (49,331,1130,325)
insert into escutar (id, perguntaid, escutarAlternativaId, escutarPerguntaId) values (50,332,1130,325)
insert into escutar (id, perguntaid, escutarAlternativaId, escutarPerguntaId) values (51,419,1424,418)
insert into escutar (id, perguntaid, escutarAlternativaId, escutarPerguntaId) values (52,419,1425,418)
insert into escutar (id, perguntaid, escutarAlternativaId, escutarPerguntaId) values (53,419,1426,418)
insert into escutar (id, perguntaid, escutarAlternativaId, escutarPerguntaId) values (54,419,1427,418)
insert into escutar (id, perguntaid, escutarAlternativaId, escutarPerguntaId) values (55,419,1428,418)
insert into escutar (id, perguntaid, escutarAlternativaId, escutarPerguntaId) values (56,420,1424,418)
insert into escutar (id, perguntaid, escutarAlternativaId, escutarPerguntaId) values (57,420,1425,418)
insert into escutar (id, perguntaid, escutarAlternativaId, escutarPerguntaId) values (58,420,1426,418)
insert into escutar (id, perguntaid, escutarAlternativaId, escutarPerguntaId) values (59,420,1427,418)
insert into escutar (id, perguntaid, escutarAlternativaId, escutarPerguntaId) values (60,420,1428,418)
SET IDENTITY_INSERT escutar off; 


-----
insert into estado (nome, sigla) values ('Goiás','GO')
insert into estado (nome, sigla) values ('Minas Gerais','MG')
insert into estado (nome, sigla) values ('Pará','PA')
-----
--select * from escola 
insert into regional (nome, estadoid) values ('SRE-Metropolitana',1)
insert into municipio (nome, regionalid) values ('Goiania',1)
insert into escola (nome, municipioid, codigoMec, nomeRegional) values ('Escola Teste',1,52035026,'SRE-Metropolitana')
insert into turma (nome, escolaid) values ('A',2)
----------------








